6a14ddc9b2380c504528a238aef1a778,cbd5cc46278be92642fb65250e146f99
03a725695033bff9ae3fb7e27a4bdc69,1864356a8d4a79eecd2edaa45bf561f0
66122484079509fb6d09a433ca662f1b,bb05c46d3fe81846638765ea215ec107
8c0c2b2eff42fe0ccb25fc65719207c2,84b5341fac971e326e12f5e2715289b4
1800ed59e39cec22641e0d898168647c,9a77854b77b589980931d7d36b25ffa7
984c3e3c06b6a1054084f800ad105228,676d2b9a53d077b90b7127392010e1bc
ad18addeed381530723fcc304dfdbcf2,719854ef7cfe4de1d66ab3ecf7c324a3
b8eea7218784a3d4084cca8d0934212a,e9d65155f3b5573d44554f695beebcc1
fbf25215b80fab0f9f4aed899b04c3f6,a481be1aa2e157b86c84dbb9efb3f1ce
25b5a04f62752850e67c0c6c69e2403d,be6d61799d19e3c37d473e346f1d8d6d
