ZFAFAGA32A4243951,4918
ZFAFAGA32A4243951,4919
ZFAFAGA31A4274205,4918
ZFAFAGA31A4274205,4919
ZFAFAGA31A4243911,4918
ZFAFAGA31A4243911,4919
ZAMSP56E0E1110046,20849
ZAMSP56E0E1110046,16234
ZAMSP56E0E1110046,20850
ZAMSP56E0E1110046,16236
ZAMSP56E0E1106336,20850
ZAMSP56E0E1106336,16234
ZAMSP56E0E1106336,16236
ZAMSP56E0E1106336,20849
ZAMSP56E0E1101332,20849
ZAMSP56E0E1101332,16234
ZAMSP56E0E1101332,20850
ZAMSP56E0E1101332,16236
ZAMSP56E0E1096133,20850
ZAMSP56E0E1096133,16234
ZAMSP56E0E1096133,16236
ZAMSP56E0E1096133,20849
ZAMSP56E0E1095497,20849
ZAMSP56E0E1095497,16236
ZAMSP56E0E1095497,16234
ZAMSP56E0E1095497,20850
ZAMSP56E0E1084872,20850
ZAMSP56E0E1084872,16234
ZAMSP56E0E1084872,16236
ZAMSP56E0E1084872,20849
ZAMSP56E0E1082667,20849
ZAMSP56E0E1082667,16234
ZAMSP56E0E1082667,16236
ZAMSP56E0E1082667,20850
ZAMSP56E0E1081745,20849
ZAMSP56E0E1081745,16236
ZAMSP56E0E1081745,16234
ZAMSP56E0E1081745,20850
ZAMSP56E0E1072821,20850
ZAMSP56E0E1072821,16234
ZAMSP56E0E1072821,20849
ZAMSP56E0E1072821,16236
ZAMSP56E0E1072236,20849
ZAMSP56E0E1072236,16234
ZAMSP56E0E1072236,20850
ZAMSP56E0E1072236,16236
ZAMHH45E7A0054514,16219
ZAMHH45E3A0051836,16219
ZAMHH45E1B0057541,16220
ZAMHH45E0A0049977,16219
ZAMHH45E090046928,16219
ZAMHH45E090046928,16218
YV1FW40C0F1266061,12671
YV1FW40C0F1266061,13064
YV1FW40C0F1266061,13065
YV1FW40C0F1266061,13066
YV1FW40C0F1266061,11307
YV1FW40C0F1266061,13067
YV1FW40C0F1246408,12671
YV1FW40C0F1246408,13064
YV1FW40C0F1246408,13065
YV1FW40C0F1246408,13066
YV1FW40C0F1246408,11307
YV1FW40C0F1246408,13067
YV1FW40C0F1244657,12671
YV1FW40C0F1244657,13064
YV1FW40C0F1244657,13065
YV1FW40C0F1244657,13066
YV1FW40C0F1244657,11307
YV1FW40C0F1244657,13067
YV1FW40C0F1235912,12671
YV1FW40C0F1235912,13064
YV1FW40C0F1235912,13065
YV1FW40C0F1235912,13066
YV1FW40C0F1235912,11307
YV1FW40C0F1235912,13067
YV1FW40C0F1220116,12671
YV1FW40C0F1220116,13064
YV1FW40C0F1220116,13065
YV1FW40C0F1220116,13066
YV1FW40C0F1220116,11307
YV1FW40C0F1220116,13067
YV1FS4455B2039721,3486
YV1FS4455B2039721,3489
YV1FS4455B2039721,3487
YV1FS4455B2039606,3487
YV1FS4455B2039606,3489
YV1FS4455B2039606,3486
YV1FS4455B2038312,3487
YV1FS4455B2038312,3486
YV1FS4455B2038312,3489
YV1FS4455B2030050,3489
YV1FS4455B2030050,3486
YV1FS4455B2030050,3487
YV1FS4455B2029285,3487
YV1FS4455B2029285,3489
YV1FS4455B2029285,3486
YV1DZ40C2F2646706,12265
YV1DZ40C2F2646706,13080
YV1DZ40C2F2646706,13079
YV1DZ40C2F2646706,11337
YV1DZ40C2F2643062,11337
YV1DZ40C2F2643062,12265
YV1DZ40C2F2643062,13079
YV1DZ40C2F2643062,13080
YV1DZ40C2F2639822,13080
YV1DZ40C2F2639822,13079
YV1DZ40C2F2639822,12265
YV1DZ40C2F2639822,11337
YV1DZ40C2E2620508,11337
YV1DZ40C2E2620508,12265
YV1DZ40C2E2620508,13079
YV1DZ40C2E2620508,13080
YV1DZ40C2E2602087,12265
YV1DZ40C2E2602087,13080
YV1DZ40C2E2602087,13079
YV1DZ40C2E2602087,11337
YV1CT2454E1697089,4270
YV1CT2454E1681555,4270
YV1CT2453D1655205,4270
YV1CT2452D1665854,4270
YV1CT2452D1651209,4270
WVWR251K0EK004592,11704
WVWR251K0EK003801,11704
WVWR251K0EK000705,11704
WVWR23131DV008337,9198
WVWR23130FV001432,14183
WVWR23130DV006384,9198
WVWFV73D6A8003457,5987
WVWFV73D5C8005669,5997
WVWFV73D5B8008036,5996
WVWFV73D5B8008036,5997
WVWFV73D5B8008036,5998
WVWCJ57N0FV012895,19403
WVWCJ57N0FV009611,19403
WVWCJ57N0FV005445,10133
WVWC64AU8GW800167,16615
WVWC61163FM613624,14107
WVWC61163FM607967,6130
WVWC61163FM607967,6131
WVWC61163FM607967,14107
WVWC61163FM604096,14107
WVWC51AA0FD081238,14830
WVWC51AA0FD080199,14830
WVWC51AA0FD065735,14830
WVGAB97P0ED004647,9931
WVGAB97P0ED002574,9931
WVGAB97P0DD040255,9927
WP1AD2921DLA72594,1608
WP1AD2921DLA72160,1608
WP1AD2921DLA45203,1608
WP1AD2920ELA75150,14919
WP1AD2920ELA71910,14919
WP1AC2924FLA81523,14922
WP1AC2924ELA80872,1620
WP1AC2924ELA80872,14922
WP1AC2924DLA92194,1620
WP1AC2924DLA92194,1617
WP1AC2924CLA85020,1617
WP1AC2924CLA85020,1620
WP1AC2924CLA84417,1620
WP1AC2924CLA84417,1617
WP1AA2950FLB01816,15692
WP1AA2950FLB01816,12190
WP1AA2950FLB01556,15692
WP1AA2950FLB01556,12190
WP1AA2950FLB01170,12190
WP1AA2950FLB01170,15692
WP1AA2950FLB00956,15692
WP1AA2950FLB00956,12190
WP1AA2950FLB00486,15692
WP1AA2950FLB00486,12190
WP0CA2983CS710288,1391
WP0CA2983CS710288,1392
WP0CA2983CS710159,1392
WP0CA2983CS710159,1391
WP0CA2983BS710967,1392
WP0CA2983BS710967,1391
WP0CA2983BS710340,1391
WP0CA2983BS710340,1392
WP0CA2983AS710174,1391
WP0CA2983AS710174,1388
WP0BB2971EL063919,2999
WP0BB2971EL063919,3006
WP0BB2971EL063919,3005
WP0BB2971EL063676,3005
WP0BB2971EL063676,3006
WP0BB2971EL063676,2999
WP0BB2971EL063046,2999
WP0BB2971EL063046,3006
WP0BB2971EL063046,3005
WP0BB2971EL062902,2999
WP0BB2971EL062902,3006
WP0BB2971EL062902,3005
WP0BB2971EL062446,3005
WP0BB2971EL062446,3006
WP0BB2971EL062446,2999
WP0BB2971EL062172,2999
WP0BB2971EL062172,3006
WP0BB2971EL062172,3005
WP0BB2970EL064124,3005
WP0BB2970EL064124,3006
WP0BB2970EL064124,2999
WP0BB2970EL063829,2999
WP0BB2970EL063829,3006
WP0BB2970EL063829,3005
WP0BB2970EL063412,3005
WP0BB2970EL063412,3006
WP0BB2970EL063412,2999
WP0BB2970EL063023,2999
WP0BB2970EL063023,3006
WP0BB2970EL063023,3005
WP0AA2971CL019687,2991
WP0AA2971CL019687,2990
WP0AA2971CL019687,2994
WP0AA2971CL019687,2995
WP0AA2971CL019673,2995
WP0AA2971CL019673,2994
WP0AA2971CL019673,2990
WP0AA2971CL019673,2991
WP0AA2971CL019169,2991
WP0AA2971CL019169,2990
WP0AA2971CL019169,2994
WP0AA2971CL019169,2995
WP0AA2971CL016837,2995
WP0AA2971CL016837,2994
WP0AA2971CL016837,2990
WP0AA2971CL016837,2991
WP0AA2971CL016398,2991
WP0AA2971CL016398,2990
WP0AA2971CL016398,2994
WP0AA2971CL016398,2995
WP0AA2970FL004585,2996
WP0AA2970FL004585,2992
WP0AA2970FL003792,2996
WP0AA2970FL003792,2992
WP0AA2970FL003789,2992
WP0AA2970FL003789,2996
WP0AA2970FL003663,2996
WP0AA2970FL003663,2992
WP0AA2970FL003629,2996
WP0AA2970FL003629,2992
WF0FB9KH0DLP50849,11465
WAUSGC4G2EN202620,1219
WAUSGC4G2EN202620,1218
WAUSGC4G2EN202620,1224
WAUSGC4G2EN202620,1223
WAUSGC4G2EN193658,1218
WAUSGC4G2EN178478,1218
WAUSGC4G2EN093866,1223
WAUSGC4G2EN093866,1224
WAUSGC4G2EN093866,1218
WAUSGC4G2EN093866,1219
WAUSGC4G2EN092622,1218
WAUAYA8X0CB035339,877
WAUAYA8X0CB035339,875
WAUAYA8X0CB035339,876
WAUAYA8X0CB035339,873
WAUAYA8X0CB035339,874
WAUAYA8X0CB020971,873
WAUAYA8X0CB017519,873
WAUAYA8X0CB017438,877
WAUAYA8X0CB017438,875
WAUAYA8X0CB017438,876
WAUAYA8X0CB017438,873
WAUAYA8X0CB017438,874
WAUAYA8X0CB008206,873
WAUAGD4L1FD005444,14250
WAUAGD4L1FD005167,14252
WAUAGD4L1FD005167,3171
WAUAGD4L1FD005167,3165
WAUAGD4L1FD005167,14251
WAUAGD4L1FD005167,3166
WAUAGD4L1FD005167,14250
WAUAGD4L1FD005167,3167
WAUAGD4L1FD005167,3169
WAUAGD4L1FD005167,3168
WAUAGD4L1FD005167,3170
WAUAGD4L1FD005167,14249
WAUAGD4L1FD004746,14249
WAUAGD4L1FD003127,14250
WAUAGD4L1FD002334,14252
WAUAGD4L1FD002334,3171
WAUAGD4L1FD002334,3165
WAUAGD4L1FD002334,14251
WAUAGD4L1FD002334,3166
WAUAGD4L1FD002334,14250
WAUAGD4L1FD002334,3167
WAUAGD4L1FD002334,3169
WAUAGD4L1FD002334,3168
WAUAGD4L1FD002334,3170
WAUAGD4L1FD002334,14249
WAUA2B4H3DN030643,
WAUA2B4H1DN034464,3521
WAUA2B4H1DN007622,3521
WAUA2B4H0DN034861,3521
WAU9GD8T8DA075874,3450
WAU9GD8T7EA038736,13610
WAU9GD8T7EA038736,1122
WAU9GD8T7EA038736,13658
WAU9GD8T7DA019828,1121
WAU9GD8T6FA014882,13658
WAU9GD8T6EA055575,13658
WAU9GD8T6EA055575,1122
WAU9GD8T6EA055575,13610
WAU8FD8T0BA057607,1111
WAU8FD8T0BA027085,1112
WAU8FD8T0BA007211,1114
WAU8FD8T0BA007211,1113
WAU8FD8T0BA007211,1112
WAU8FD8T0BA007211,1111
WAU8FD8T0AA071814,1113
WAU8FD8T0AA071635,1111
WAU6CM8V1F1060569,14890
WAU6CM8V0F1091781,14890
WAU6CM8V0F1079761,14890
WAU6CM8V0F1079100,14890
WAU6CM8V0F1061759,14890
WAU27B4H8FN027147,12979
WAU27B4H5FN026649,12979
WAU27B4H5FN025212,12979
WAU27B4H2FN026365,12979
W0LSH9EM0D4011644,13457
W0LSH9EM0D4011644,13458
W0LSD9EM8E4071233,13457
W0LSD9EM8E4071233,13458
W0LSD9EM7E4073376,13458
W0LSD9EM7E4073376,13457
W0LSD9EM3E4029617,13457
W0LSD9EM3E4029617,13458
W0LSD9EM1E4069582,13457
W0LSD9EM1E4069582,13458
W0LLA63T0AB065597,4543
W0LLA63T0AB065597,4544
W0LLA63T0AB065597,4545
W0LLA63T0AB065597,4546
W0LLA63T0AB065597,14688
W0LLA63T0AB065597,4547
W0LLA63T0AB065597,13456
W0LLA63T0AB049898,4543
W0LLA63T0AB049898,4544
W0LLA63T0AB049898,4545
W0LLA63T0AB049898,4546
W0LLA63T0AB049898,14688
W0LLA63T0AB049898,4547
W0LLA63T0AB049898,13456
W0LLA63T09B550933,13456
W0LLA63T09B550933,4542
W0LLA63T09B550303,4542
W0LLA63T09B550303,13456
W0LLA63T09B536546,13456
W0LLA63T09B536546,4542
W0LGM8ED4D1107080,10826
W0LGM8ED4D1107080,10825
W0LGM8ED3D1132455,10826
W0LGM8ED3D1132455,10825
W0LGM8ED1D1104797,10826
W0LGM8ED1D1104797,10825
W0LGM8ED0D1133935,10826
W0LGM8ED0D1133935,10825
W0LGM8ED0D1108940,10825
W0LGM8ED0D1108940,10826
W0LAH3413A5013667,10526
W0LAH3413A5013667,10524
W0LAH3413A5013667,10525
W0LAH341385130725,10520
W0LAH341385130725,10521
W0LAH341285157284,10521
W0LAH341285157284,10520
W0LAH341285107484,10520
W0LAH341285107484,10521
W0LAH341285085244,10520
W0LAH341285085244,10521
VF7NX5FM1CY567417,1816
VF7NX5FM1CY566669,1816
VF7NX5FM1CY540945,1816
VF7NX5FM0CY566680,1816
VF7NX5FM0CY547739,1816
VF7BAFZHXDZ903070,1519
VF7BAFZHXDZ903070,1513
VF7BAFZHXDZ903070,1514
VF7BAFZH6DZ904278,1514
VF7BAFZH6DZ904278,1513
VF7BAFZH6DZ904278,1519
VF7BAFZH6CZ910287,1519
VF7BAFZH6CZ910287,1513
VF7BAFZH6CZ910287,1514
VF7BAFZH5DZ903316,1514
VF7BAFZH5DZ903316,1513
VF7BAFZH5DZ903316,1519
VF7BAFZH1CZ908236,1519
VF7BAFZH1CZ908236,1513
VF7BAFZH1CZ908236,1514
VF73A5GY8FJ770490,15996
VF73A5GY8FJ770490,15995
VF73A5GY8FJ658403,15995
VF73A5GY8FJ658403,15996
VF73A5GY7FJ781576,15996
VF73A5GY7FJ781576,15995
VF73A5GY7FJ770464,15996
VF73A5GY7FJ770464,15995
VF73A5GY7FJ766740,15996
VF73A5GY7FJ766740,15995
VF73A5GY7FJ708269,15995
VF73A5GY7FJ708269,15996
VF73A5GY6FJ781598,15996
VF73A5GY6FJ781598,15995
VF73A5GY6FJ721448,15996
VF73A5GY6FJ721448,15995
VF73A5GY6FJ673871,15995
VF73A5GY6FJ673871,15996
VF73A5GY6FJ658402,15996
VF73A5GY6FJ658402,15995
VF3BAFZE7FZ803289,422
VF3BAFZE7FZ803289,420
VF3BAFZE4FZ803170,422
VF3BAFZE4FZ803170,420
VF3BAFZE2FZ803068,420
VF3BAFZE2FZ803068,422
VF3BAFZE0FZ803537,422
VF3BAFZE0FZ803537,420
VF3BAFZE0FZ802999,422
VF3BAFZE0FZ802999,420
VF34U5FM1CS122622,269
VF34U5FM1CS122622,270
VF34U5FM1CS122622,268
VF34U5FM1CS122622,267
VF34J5FM5BP019472,3344
VF34J5FM5BP019472,3342
VF34J5FM5BP019472,3343
VF34J5FM3BP019356,3343
VF34J5FM3BP019356,3342
VF34J5FM3BP019356,3344
VF34J5FM1CP003609,3344
VF34J5FM1CP003609,3342
VF34J5FM1CP003609,3343
VF34J5FM1BP019355,3343
VF34J5FM1BP019355,3342
VF34J5FM1BP019355,3344
VF34J5FM0CP004315,3344
VF34J5FM0CP004315,3342
VF34J5FM0CP004315,3343
VF34H5FTXAS200159,265
VF34H5FTXAS200159,266
VF34H5FT99S254788,266
VF34H5FT99S254788,265
VF34H5FT2AS017760,265
VF34H5FT2AS017760,266
VF34H5FT29S239579,265
VF34H5FT29S239579,266
VF34B5FM5BS349915,263
VF34B5FM5BS349915,262
VF34B5FM3CS184917,262
VF34B5FM3CS184917,263
VF34B5FM3CS184917,264
VF34B5FM2DS096751,264
VF34B5FM2DS096751,263
VF34B5FM2DS096751,262
VF34B5FM2CS166313,262
VF34B5FM2CS166313,263
VF34B5FM2CS166313,264
VF34B5FM2BS348429,263
VF34B5FM2BS348429,262
VF1VYRAE0DC502653,6799
VF1VYRAE0DC502653,6801
VF1VYRAE0DC499124,6801
VF1VYRAE0DC499124,6799
VF1VYRAE0DC498832,6799
VF1VYRAE0DC498832,6801
VF1VYRAE0DC498166,6799
VF1VYRAE0DC498166,6801
VF1VYRAE0CC453419,6799
VF1VYRAE0CC453419,6801
VF1LZL4T0BC254901,5186
VF1LZL4T0BC254901,5184
VF1LZL4T0BC253781,5184
VF1LZL4T0BC253781,5186
VF1LZL4T0BC253666,5184
VF1LZL4T0BC253666,5186
VF1LZL4T0BC252257,5186
VF1LZL4T0BC252257,5184
VF1LZL4T0BC248239,5184
VF1LZL4T0BC248239,5186
VF12RRBE2FW532057,15963
VF12RRBE2FW532057,15964
VF12RRBE2FW532057,15534
VF12RRBE2FW532057,15535
VF12RRBE2FW532057,15536
VF12RRBE2FW531605,15536
VF12RRBE2FW531605,15535
VF12RRBE2FW531605,15534
VF12RRBE2FW531605,15964
VF12RRBE2FW531605,15963
VF12RRBE1FW565387,15963
VF12RRBE1FW565387,15964
VF12RRBE1FW565387,15534
VF12RRBE1FW565387,15535
VF12RRBE1FW565387,15536
VF12RRBE1FW535015,15963
VF12RRBE1FW535015,15964
VF12RRBE1FW535015,15534
VF12RRBE1FW535015,15535
VF12RRBE1FW535015,15536
VF12RRBE1FW532065,15536
VF12RRBE1FW532065,15535
VF12RRBE1FW532065,15534
VF12RRBE1FW532065,15964
VF12RRBE1FW532065,15963
TRUAF28J081040425,3822
TRUAF28J081036200,3822
TRUAF28J081023110,3822
TRUAF28J081016545,3822
TRUAF28J081008848,3822
SCBCE63W98C059451,16167
SCBCE63W8AC064419,16167
SCBCE63W5AC065852,16167
SCBCE63W59C060176,16167
SCBCE63W57C042015,16167
SCBBA63Y1DC018329,16146
SCBBA63Y1DC018329,16144
SCBBA63Y1DC018329,16145
SCBBA63Y1DC018329,16143
SCBBA63Y1DC017763,16143
SCBBA63Y1DC017763,16145
SCBBA63Y1DC017763,16144
SCBBA63Y1DC017763,16146
SCBBA63Y1CC017096,16144
SCBBA63Y1CC017096,16145
SCBBA63Y1CC017096,16142
SCBBA63Y1CC017096,16143
SCBBA63Y1CC017096,16141
SCBBA63Y0CC017073,16144
SCBBA63Y0CC017073,16145
SCBBA63Y0CC017073,16142
SCBBA63Y0CC017073,16143
SCBBA63Y0CC017073,16141
SCBBA63Y0CC016831,16141
SCBBA63Y0CC016831,16143
SCBBA63Y0CC016831,16142
SCBBA63Y0CC016831,16145
SCBBA63Y0CC016831,16144
LSVUH25N0C2113270,9885
LSVUH25N0C2094560,9886
LSVUH25N0C2094560,9885
LSVUH25N0C2085826,9885
LSVUH25N0C2085826,9886
L2CVA2BG0FG101098,14779
L2CVA2BG0FG101098,14778
L2CVA2BG0FG101098,14777
L2CVA2BG0FG101098,14776
L2CVA2BG0FG101098,19219
L2CVA2BG0FG101098,19217
L2CVA2BG0FG101098,19218
L2CVA2BG0FG101098,19221
L2CVA2BG0FG101098,19220
L2CVA2BG0FG100789,14779
L2CVA2BG0FG100789,14778
L2CVA2BG0FG100789,14777
L2CVA2BG0FG100789,14776
L2CVA2BG0FG100789,19219
L2CVA2BG0FG100789,19217
L2CVA2BG0FG100789,19218
L2CVA2BG0FG100789,19221
L2CVA2BG0FG100789,19220
L2CVA2BG0FG100680,14779
L2CVA2BG0FG100680,14778
L2CVA2BG0FG100680,14777
L2CVA2BG0FG100680,14776
L2CVA2BG0FG100680,19219
L2CVA2BG0FG100680,19217
L2CVA2BG0FG100680,19218
L2CVA2BG0FG100680,19221
L2CVA2BG0FG100680,19220
L2CVA2BG0FG100517,14779
L2CVA2BG0FG100517,14778
L2CVA2BG0FG100517,14777
L2CVA2BG0FG100517,14776
L2CVA2BG0FG100517,19219
L2CVA2BG0FG100517,19217
L2CVA2BG0FG100517,19218
L2CVA2BG0FG100517,19221
L2CVA2BG0FG100517,19220
L2CVA2BG0FG100498,14779
L2CVA2BG0FG100498,14778
L2CVA2BG0FG100498,14777
L2CVA2BG0FG100498,14776
L2CVA2BG0FG100498,19219
L2CVA2BG0FG100498,19217
L2CVA2BG0FG100498,19218
L2CVA2BG0FG100498,19221
L2CVA2BG0FG100498,19220
L2CCA2BG8FG301413,17109
L2CCA2BG8FG301413,17108
L2CCA2BG8FG301413,17107
L2CCA2BG8FG301413,17340
L2CCA2BG8FG301413,17110
L2CCA2BG6FG300938,17109
L2CCA2BG6FG300938,17108
L2CCA2BG6FG300938,17107
L2CCA2BG6FG300938,17340
L2CCA2BG6FG300938,17110
L2CCA2BG2FG302251,17109
L2CCA2BG2FG302251,17340
L2CCA2BG2FG302251,17108
L2CCA2BG2FG302251,17107
L2CCA2BG2FG302251,17110
KNAPG8133F5035884,15090
KNAPG8133F5035660,15090
KNAPG8130F5033980,15090
KNALN4111E5164359,12160
KNALN4111E5164359,12886
KNALN4111E5164359,12783
KNALN4111E5164359,11322
KNALN4110E5170198,12160
KNALN4110E5170198,12886
KNALN4110E5170198,12783
KNALN4110E5170198,11322
KNALN4110E5160917,11322
KNALN4110E5160917,12783
KNALN4110E5160917,12886
KNALN4110E5160917,12160
KNAKN8110C5087001,11324
KNAKN8110C5086270,11324
KNAKN8110A5053105,11324
KNAJC523265555718,9548
KNAJC523265522136,9548
KNAJC523065589561,9548
KNAFZ6138F5338279,11820
KNAFZ6138F5338279,12770
KNAFZ6135E5229891,11820
KNAFZ6135E5229891,12770
KNAFZ6133E5210966,11820
KNAFZ6133E5210966,12770
JTEGS21H0B8047439,4420
JTEGS21H0A8044491,4420
JTEGS21H0A8043597,4420
JTEGS21H0A8040229,4420
JTEGS21H0A8039372,4420
JF1ZN12A4F9019214,12977
JF1ZN12A3G9023420,12977
JF1ZN12A0G9023391,12977
JF1ZN12A0F9019663,12977
5LMJJ2J53BEJ02334,15829
5LMJJ2J50DEL07726,15829
5LMJJ2J50BEJ09953,15829
5LMCJ1AN6FUJ34306,14157
5LMCJ1AN6FUJ34306,14158
5LMCJ1AN6FUJ34306,17642
5LMCJ1AN6FUJ34306,17641
5LMCJ1AN6FUJ34158,17641
5LMCJ1AN6FUJ34158,17642
5LMCJ1AN6FUJ34158,14158
5LMCJ1AN6FUJ34158,14157
5LMCJ1AN6FUJ11477,14157
5LMCJ1AN6FUJ11477,14158
5LMCJ1AN6FUJ11477,17642
5LMCJ1AN6FUJ11477,17641
3LN6L2G96FR601306,17646
3LN6L2G96FR601306,15715
3LN6L2G95FR605556,15715
3LN6L2G95FR605556,17646
3LN6L2G95FR605458,17646
3LN6L2G95FR605458,15715
3C4PFABB8DT604244,5149
3C4PFABB8DT604244,12398
3C4PFABB8DT604244,5151
3C4PFABB8DT604227,5151
3C4PFABB8DT604227,12398
3C4PFABB8DT604227,5149
3C4PFABB8CT350274,5149
3C4PFABB8CT350274,5151
3C4PDCFB0ET231973,6875
3C4PDCFB0ET231973,6876
3C3CFFAR0CT193368,476
3C3CFFAR0CT193368,472
3C3CFFAR0CT162427,472
3C3CFFAR0CT162427,476
3C3CFFAR0CT162413,476
3C3CFFAR0CT162413,472
2LMPJ8L93GBL23665,15461
2LMPJ8L93GBL23438,15461
2LMPJ8L90GBL23655,15461
2LMHJ5AT0CBL53590,15826
2LMHJ5AT0BBJ53100,15826
2LMHJ5AT0BBJ52996,15826
2LMDJ8JK3BBJ27940,15825
2LMDJ8JK1BBJ23529,15825
2LMDJ8JK0BBJ21948,15825
2FMDK3J90DBA38841,8713
2C4PC1GG4DR586132,4974
1FM5K8F80DGC08111,9652
1FA6P8TH0F5307420,14438
1C4PJMCB1EW195496,11246
1C4PJMCB1EW195496,11247
1C4NJRAB0CD517626,11299
1C4NJRAB0CD517626,11301
1C4NJRAB0CD517626,11302
1C4NJCAA1FD232796,11024
1C4NJCAA1FD232796,15138
1C4NJCAA1FD232796,12903
1C4BJWE87FL517701,15802
1C4BJWE87FL517701,14632
1C4BJWE87FL517701,8167
1C4BJWBG0DL540827,8164
1C4BJWBG0DL540827,8157
1C4BJWBG0DL540827,8156
1B3CB2HA1BD157680,6868
