手机号,md5后的手机号,签名
19802326868,ab7a339c64134da95462204e5480156b,d772bee7939438da823e6b11eae133b7
15120060403,2ecf55ef6807df5f4c8bfe2b26a0cada,3b21e25de812898ce89b49766fe93f7g
13813871199,8de551f1ce65cb40451b564f667761da,f9adf2e5d439850273c959587d36e1f6
17809181288,8953a312e4c72c91e19abf44e6098e69,eb6342c51a6927ceaddc710b63eb0d12
18818871258,5897bdd7b2989fd41590b62a76238856,51e982e81de3033db7f605f84704a374
18885188803,e394172f35eaef53ca4d148d4c2a2ac9,6e87c8ebba308494949b1296b951cd3f
13605715010,0d5433c01a6a475ac6ac69f850d2628b,1bf6336ed0b76c6f3fbf61d6a78098af
13907160602,e3b3cfb5354f3f82e00b55dbd5131304,c48d73a67f8a8a3e0da35d2fd35445cd
15022191688,7c58579d037572dbd6579df29ef2bcc0,935c2203e95d022eadc528cce31d9f5b
15705222112,cc527d1f679373f6f32a644cb5a2f9ea,74f81444988bc73d27b1ff40bb5174a4